CREATE TABLE IF NOT EXISTS Salesman_new (
    SM_ID TEXT PRIMARY KEY,
    SM_NAME TEXT,
    SM_CITY TEXT,
    SM_COMISSION FLOAT
);

INSERT INTO Salesman_new (SM_ID, SM_NAME, SM_CITY, SM_COMISSION) VALUES
    ('101','YAEL','CEBU',0.10),
    ('102','ARMEE','MANILA',0.10),
    ('103','ARIANNE','LANAO DEL NORTE',0.10),
    ('104','JOSEPH','MADRID',0.10),
    ('105','EZEKIEL','HAIFA',0.20);

CREATE TABLE IF NOT EXISTS CUSTOMER_NEW (
    CUS_ID TEXT PRIMARY KEY,
    CUS_NAME TEXT,
    GRADE TEXT,
    CUS_CITY TEXT,
    SM_ID TEXT
)

INSERT INTO CUSTOMER_NEW (CUS_ID, CUS_NAME, GRADE, CUS_CITY, SM_ID) VALUES
    ('C101','ESTHER','200','CEBU','101'),
    ('C102','PETER','100','MANILA','102'),
    ('C103','GENESIS','300','LANAO DEL NORTE','103'),
    ('C104','CORINTH','200','MADRID','104'),
    ('C105','EMMANUEL','200','HAIFA','105');

CREATE TABLE IF NOT EXISTS ORDER_NEW (
    ORD_NO TEXT PRIMARY KEY,
    PUR_AMO TEXT,
    ORD_DATE TEXT,
    CUS_ID TEXT,
    SM_ID TEXT
);

INSERT INTO ORDER_NEW (ORD_NO, PUR_AMO, ORD_DATE, CUS_ID, SM_ID) VALUES
    ('O101','3','2025/04/05','C101','101'),
    ('O102','4','2025/04/05','C1O2','102'),
    ('O103','3','2025/04/05','C1O3','103'),
    ('O104','1','2025/04/05','C1O4','104'),
    ('O105','2','2025/04/05','C1O5','105');

SELECT CUSTOMER_NEW.CUS_NAME, Salesman_new.SM_NAME, Salesman_new.SM_CITY FROM CUSTOMER_NEW JOIN Salesman_new ON CUSTOMER_NEW.CUS_CITY = Salesman_new.SM_CITY;

SELECT CUSTOMER_NEW.CUS_NAME, Salesman_new.SM_NAME FROM CUSTOMER_NEW JOIN Salesman_new ON CUSTOMER_NEW.SM_ID = Salesman_new.SM_ID;

SELECT ORDER_NEW.ORD_NO, CUSTOMER_NEW.CUS_NAME, ORDER_NEW.CUS_ID, ORDER_NEW.SM_ID FROM ORDER_NEW.CUS_ID = CUSTOMER_NEW.CUS_ID JOIN Salesman_new ON ORDER_NEW.SM_ID = Salesman_new.SM_ID WHERE CUSTOMER_NEW.CUS_CITY <> Salesman_new.SM_CITY;

SELECT ORDER_NEW.ORD_NO, CUSTOMER_NEW.CUS_NAME FROM ORDER_NEW JOIN CUSTOMER_NEW ON ORDER_NEW.CUS_ID = CUSTOMER_NEW.CUS_ID;

SELECT CUSTOMER_NEW.CUS_NAME, CUSTOMER_NEW.CUS_CITY, CUSTOMER_NEW.CUS_CITY, Salesman_new.SM_NAME, Salesman_new.SM_COMISSION FROM CUSTOMER_NEW JOIN Salesman_new ON CUSTOMER_NEW.SM_ID = Salesman_new.SM_ID WHERE Salesman_new.SM_COMISSION BETWEEN 0.09 AND 0.14;

SELECT * FROM CUSTOMER_NEW JOIN ORDER_NEW ON CUSTOMER_NEW.CUS_ID = ORDER_NEW.CUS_ID WHERE CONDITION ORDER_NEW.ORD_DATE = 2025/04/05;